Workbook

Sheet raw_data_user
A1: user_id | B1: signup_date | C1: country | D1: city | E1: device_type | F1: traffic_source | G1: is_returning
A2: U1000 | B2: 45362 | C2: India | D2: Mumbai | E2: mobile | F2: ads | G2: TRUE
A3: U1001 | B3: 45328 | C3: India | D3: Bangalore | E3: mobile | F3: ads | G3: FALSE
A4: U1002 | B4: 45334 | C4: India | D4: Gurgaon | E4: mobile | F4: organic | G4: FALSE
A5: U1003 | B5: 45364 | C5: India | D5: Mumbai | E5: mobile | F5: referral | G5: FALSE
A6: U1004 | B6: 45324 | C6: India | D6: Mumbai | E6: mobile | F6: organic | G6: TRUE
A7: U1005 | B7: 45398 | C7: India | D7: Bangalore | E7: mobile | F7: referral | G7: FALSE
A8: U1006 | B8: 45381 | C8: India | D8: Gurgaon | E8: mobile | F8: referral | G8: TRUE
A9: U1007 | B9: 45330 | C9: India | D9: Gurgaon | E9: mobile | F9: referral | G9: FALSE
A10: U1008 | B10: 45400 | C10: India | D10: Mumbai | E10: mobile | F10: referral | G10: TRUE
A11: U1009 | B11: 45393 | C11: India | D11: Delhi | E11: mobile | F11: referral | G11: FALSE
A12: U1010 | B12: 45352 | C12: India | D12: Mumbai | E12: mobile | F12: referral | G12: TRUE
A13: U1011 | B13: 45399 | C13: India | D13: Mumbai | E13: desktop | F13: referral | G13: FALSE
... A1201: U2199 | B1201: 45384 | C1201: India | D1201: Gurgaon | E1201: mobile | F1201: ads | G1201: TRUE

Sheet raw_data_events
A1: event_id | B1: user_id | C1: session_id | D1: event_name | E1: event_timestamp | F1: page | G1: experiment_exposed_flag
A2: E1 | B2: U1000 | C2: S2975 | D2: view | E2: 45389.469 | F2: page_view | G2: TRUE
A3: E2 | B3: U1000 | C3: S2975 | D3: add_to_cart | E3: 45389.472 | F3: page_add_to_cart | G3: TRUE
A4: E3 | B4: U1000 | C4: S2975 | D4: checkout | E4: 45389.476 | F4: page_checkout | G4: TRUE
A5: E4 | B5: U1000 | C5: S2975 | D5: purchase | E5: 45389.479 | F5: page_purchase | G5: TRUE
A6: E5 | B6: U1000 | C6: S4211 | D6: view | E6: 45388.295 | F6: page_view | G6: TRUE
A7: E6 | B7: U1000 | C7: S4211 | D7: checkout | E7: 45388.299 | F7: page_checkout | G7: TRUE
A8: E7 | B8: U1001 | C8: S4446 | D8: view | E8: 45383.612 | F8: page_view | G8: TRUE
A9: E8 | B9: U1001 | C9: S4446 | D9: add_to_cart | E9: 45383.615 | F9: page_add_to_cart | G9: TRUE
A10: E9 | B10: U1002 | C10: S9245 | D10: view | E10: 45389.412 | F10: page_view | G10: TRUE
A11: E10 | B11: U1002 | C11: S9245 | D11: add_to_cart | E11: 45389.416 | F11: page_add_to_cart | G11: TRUE
A12: E11 | B12: U1002 | C12: S9245 | D12: purchase | E12: 45389.419 | F12: page_purchase | G12: TRUE
A13: E12 | B13: U1002 | C13: S2955 | D13: view | E13: 45389.094 | F13: page_view | G13: TRUE
... A6261: E6260 | B6261: U2199 | C6261: S2923 | D6261: purchase | E6261: 45384.402 | F6261: page_purchase | G6261: TRUE

Sheet raw_data_transactions
A1: order_id | B1: user_id | C1: transaction_timestamp | D1: revenue | E1: payment_method
A2: O1000 | B2: U1000 | C2: 45389.479 | D2: 885.95 | E2: UPI
A3: O1001 | B3: U1002 | C3: 45389.419 | D3: 577.69 | E3: Card
A4: O1002 | B4: U1003 | C4: 45388.735 | D4: 1683.77 | E4: UPI
A5: O1003 | B5: U1005 | C5: 45387.594 | D5: 1351.19 | E5: Card
A6: O1004 | B6: U1005 | C6: 45388.81 | D6: 1557.3 | E6: Card
A7: O1005 | B7: U1006 | C7: 45385.279 | D7: 581.53 | E7: Card
A8: O1006 | B8: U1007 | C8: 45389.336 | D8: 1070.1 | E8: Wallet
A9: O1007 | B9: U1012 | C9: 45387.129 | D9: 812.89 | E9: UPI
A10: O1008 | B10: U1015 | C10: 45384.97 | D10: 204.76 | E10: UPI
A11: O1009 | B11: U1016 | C11: 45388.065 | D11: 975.8 | E11: Wallet
A12: O1010 | B12: U1017 | C12: 45386.969 | D12: 832.4 | E12: Wallet
A13: O1011 | B13: U1019 | C13: 45384.072 | D13: 1756.32 | E13: Wallet
... A992: O1990 | B992: U2199 | C992: 45384.402 | D992: 323.85 | E992: Card

Sheet raw_data_experiment_assignment
A1: user_id | B1: experiment_id | C1: variant | D1: assignment_timestamp
A2: U1000 | B2: EXP_001 | C2: B | D2: 45384.772
A3: U1001 | B3: EXP_001 | C3: A | D3: 45383.21
A4: U1002 | B4: EXP_001 | C4: A | D4: 45384.074
A5: U1003 | B5: EXP_001 | C5: A | D5: 45384.404
A6: U1004 | B6: EXP_001 | C6: A | D6: 45384.789
A7: U1005 | B7: EXP_001 | C7: A | D7: 45384.582
A8: U1006 | B8: EXP_001 | C8: A | D8: 45386.118
A9: U1007 | B9: EXP_001 | C9: B | D9: 45386.093
A10: U1008 | B10: EXP_001 | C10: B | D10: 45383.875
A11: U1009 | B11: EXP_001 | C11: B | D11: 45385.614
A12: U1010 | B12: EXP_001 | C12: A | D12: 45383.104
A13: U1011 | B13: EXP_001 | C13: B | D13: 45385.806
... A1201: U2199 | B1201: EXP_001 | C1201: A | D1201: 45383.687

Sheet merged_data
A1: user_id | B1: experiment_id | C1: variant | D1: assignment_timestamp | E1: conversion_flag | F1: revenue | G1: device_type
A2: U1000 | B2: EXP_001 | C2: B | D2: 45384.772 | E2: =IF(ISNUMBER(MATCH(TRIM(A2), raw_data_transactions!B:B, 0)), 1, 0) -> 1 | F2: =_xlfn.XLOOKUP(A2, raw_data_transactions!B:B, raw_data_transactions!D:D, 0) -> 885.95 | G2: =_xlfn.XLOOKUP(A2, raw_data_user!A:A, raw_data_user!E:E) -> mobile
A3: U1001 | B3: EXP_001 | C3: A | D3: 45383.21 | E3: =IF(ISNUMBER(MATCH(TRIM(A3), raw_data_transactions!B:B, 0)), 1, 0) -> 0 | F3: =_xlfn.XLOOKUP(A3, raw_data_transactions!B:B, raw_data_transactions!D:D, 0) -> 0 | G3: =_xlfn.XLOOKUP(A3, raw_data_user!A:A, raw_data_user!E:E) -> mobile
A4: U1002 | B4: EXP_001 | C4: A | D4: 45384.074 | E4: =IF(ISNUMBER(MATCH(TRIM(A4), raw_data_transactions!B:B, 0)), 1, 0) -> 1 | F4: =_xlfn.XLOOKUP(A4, raw_data_transactions!B:B, raw_data_transactions!D:D, 0) -> 577.69 | G4: =_xlfn.XLOOKUP(A4, raw_data_user!A:A, raw_data_user!E:E) -> mobile
A5: U1003 | B5: EXP_001 | C5: A | D5: 45384.404 | E5: =IF(ISNUMBER(MATCH(TRIM(A5), raw_data_transactions!B:B, 0)), 1, 0) -> 1 | F5: =_xlfn.XLOOKUP(A5, raw_data_transactions!B:B, raw_data_transactions!D:D, 0) -> 1683.77 | G5: =_xlfn.XLOOKUP(A5, raw_data_user!A:A, raw_data_user!E:E) -> mobile
A6: U1004 | B6: EXP_001 | C6: A | D6: 45384.789 | E6: =IF(ISNUMBER(MATCH(TRIM(A6), raw_data_transactions!B:B, 0)), 1, 0) -> 0 | F6: =_xlfn.XLOOKUP(A6, raw_data_transactions!B:B, raw_data_transactions!D:D, 0) -> 0 | G6: =_xlfn.XLOOKUP(A6, raw_data_user!A:A, raw_data_user!E:E) -> mobile
A7: U1005 | B7: EXP_001 | C7: A | D7: 45384.582 | E7: =IF(ISNUMBER(MATCH(TRIM(A7), raw_data_transactions!B:B, 0)), 1, 0) -> 1 | F7: =_xlfn.XLOOKUP(A7, raw_data_transactions!B:B, raw_data_transactions!D:D, 0) -> 1351.19 | G7: =_xlfn.XLOOKUP(A7, raw_data_user!A:A, raw_data_user!E:E) -> mobile
A8: U1006 | B8: EXP_001 | C8: A | D8: 45386.118 | E8: =IF(ISNUMBER(MATCH(TRIM(A8), raw_data_transactions!B:B, 0)), 1, 0) -> 1 | F8: =_xlfn.XLOOKUP(A8, raw_data_transactions!B:B, raw_data_transactions!D:D, 0) -> 581.53 | G8: =_xlfn.XLOOKUP(A8, raw_data_user!A:A, raw_data_user!E:E) -> mobile
A9: U1007 | B9: EXP_001 | C9: B | D9: 45386.093 | E9: =IF(ISNUMBER(MATCH(TRIM(A9), raw_data_transactions!B:B, 0)), 1, 0) -> 1 | F9: =_xlfn.XLOOKUP(A9, raw_data_transactions!B:B, raw_data_transactions!D:D, 0) -> 1070.1 | G9: =_xlfn.XLOOKUP(A9, raw_data_user!A:A, raw_data_user!E:E) -> mobile
A10: U1008 | B10: EXP_001 | C10: B | D10: 45383.875 | E10: =IF(ISNUMBER(MATCH(TRIM(A10), raw_data_transactions!B:B, 0)), 1, 0) -> 0 | F10: =_xlfn.XLOOKUP(A10, raw_data_transactions!B:B, raw_data_transactions!D:D, 0) -> 0 | G10: =_xlfn.XLOOKUP(A10, raw_data_user!A:A, raw_data_user!E:E) -> mobile
A11: U1009 | B11: EXP_001 | C11: B | D11: 45385.614 | E11: =IF(ISNUMBER(MATCH(TRIM(A11), raw_data_transactions!B:B, 0)), 1, 0) -> 0 | F11: =_xlfn.XLOOKUP(A11, raw_data_transactions!B:B, raw_data_transactions!D:D, 0) -> 0 | G11: =_xlfn.XLOOKUP(A11, raw_data_user!A:A, raw_data_user!E:E) -> mobile
A12: U1010 | B12: EXP_001 | C12: A | D12: 45383.104 | E12: =IF(ISNUMBER(MATCH(TRIM(A12), raw_data_transactions!B:B, 0)), 1, 0) -> 0 | F12: =_xlfn.XLOOKUP(A12, raw_data_transactions!B:B, raw_data_transactions!D:D, 0) -> 0 | G12: =_xlfn.XLOOKUP(A12, raw_data_user!A:A, raw_data_user!E:E) -> mobile
A13: U1011 | B13: EXP_001 | C13: B | D13: 45385.806 | E13: =IF(ISNUMBER(MATCH(TRIM(A13), raw_data_transactions!B:B, 0)), 1, 0) -> 0 | F13: =_xlfn.XLOOKUP(A13, raw_data_transactions!B:B, raw_data_transactions!D:D, 0) -> 0 | G13: =_xlfn.XLOOKUP(A13, raw_data_user!A:A, raw_data_user!E:E) -> desktop
... A1201: U2199 | B1201: EXP_001 | C1201: A | D1201: 45383.687 | E1201: =IF(ISNUMBER(MATCH(TRIM(A1201), raw_data_transactions!B:B, 0)), 1, 0) -> 1 | F1201: =_xlfn.XLOOKUP(A1201, raw_data_transactions!B:B, raw_data_transactions!D:D, 0) -> 366.77 | G1201: =_xlfn.XLOOKUP(A1201, raw_data_user!A:A, raw_data_user!E:E) -> mobile

Sheet analysis
A2: Conversion Rate
A3: Variant | B3: No of user_id | C3: Average of conversion_flag
A4: A | B4: 594 | C4: 0.62794613
A5: B | B5: 606 | C5: 0.60561056
A6: Grand Total | B6: 1200 | C6: 0.61666667
A8: Revenue per User
A9: Variant | B9: Total revenue | C9: No of user_id
A10: A | B10: 406989.85 | C10: 594
A11: B | B11: 398062.65 | C11: 606
A12: Grand Total | B12: 805052.5 | C12: 1200
A14: Device Segmentation
A15: Average of conversion_flag
A16: device | B16: A | C16: B | D16: Grand Total
A17: desktop | B17: 0.59659091 | C17: 0.59171598 | D17: 0.5942029
A18: mobile | B18: 0.64114833 | C18: 0.61098398 | D18: 0.62573099
A19: Grand Total | B19: 0.62794613 | C19: 0.60561056 | D19: 0.61666667
A21: Funnel
A22: Events | B22: No of user_id
A23: add_to_cart | B23: 1692
A24: checkout | B24: 1162
A25: purchase | B25: 991
A26: view | B26: 2415
A27: Grand Total | B27: 6260
